{
  "name" : "fromGLAccount",
  "description" : "the account we are transferring budget dollars from",
  "type" : "ENUMVALUES",
  "enumValues" : [ {
    "canonicalName" : "60512-Airfare",
    "synonyms" : [ "airfare" ]
  }, {
    "canonicalName" : "63510-Office Rent",
    "synonyms" : [ "rent" ]
  }, {
    "canonicalName" : "63530-Electricity / Water",
    "synonyms" : [ "electric", "electricity", "water", "utilities" ]
  }, {
    "canonicalName" : "63531-Cleaning",
    "synonyms" : [ "cleaning" ]
  }, {
    "canonicalName" : "60110-Salaries",
    "synonyms" : [ "salaries" ]
  } ],
  "namedEntityRuleParams" : [ ]
}