{
  "name" : "GLAccounts",
  "description" : "List of general ledger accounts",
  "type" : "ENUMVALUES",
  "enumValues" : [ {
    "canonicalName" : "60512-Airfare",
    "synonyms" : [ "airfare", "travel" ]
  }, {
    "canonicalName" : "63510-Office Rent",
    "synonyms" : [ "rent", "office rent" ]
  }, {
    "canonicalName" : "63530-Electricity / Water",
    "synonyms" : [ "electric", "water", "electricity", "utlities" ]
  }, {
    "canonicalName" : "63531-Cleaning",
    "synonyms" : [ "cleaning", "cleaners" ]
  }, {
    "canonicalName" : "60110-Salaries",
    "synonyms" : [ "salaries" ]
  } ],
  "namedEntityRuleParams" : [ ]
}