{
  "name" : "Account Balance",
  "type" : "NLPIntent",
  "intentParameters" : [ {
    "name" : "GLAccountsList of general ledger accounts",
    "required" : true,
    "entity" : "GLAccounts"
  } ],
  "exampleData" : [ {
    "sentence" : "account balances",
    "exampleEntities" : [ ]
  }, {
    "sentence" : "What is my account balance?",
    "exampleEntities" : [ ]
  }, {
    "sentence" : "Give me the account balances",
    "exampleEntities" : [ ]
  }, {
    "sentence" : "What is the budget versus actual?",
    "exampleEntities" : [ ]
  } ]
}