{
  "name" : "Budget Transfer",
  "type" : "NLPIntent",
  "intentParameters" : [ {
    "name" : "GLAccountsList of general ledger accounts",
    "required" : true,
    "entity" : "GLAccounts"
  }, {
    "name" : "fromGLAccountthe account we are transferring budget dollars from",
    "required" : true,
    "entity" : "fromGLAccount"
  }, {
    "name" : "CURRENCY",
    "required" : true,
    "entity" : "CURRENCY"
  } ],
  "exampleData" : [ {
    "sentence" : "transfer budget money",
    "exampleEntities" : [ ]
  }, {
    "sentence" : "initiate budget transfer",
    "exampleEntities" : [ ]
  }, {
    "sentence" : "transfer budget",
    "exampleEntities" : [ ]
  }, {
    "sentence" : "transfer budget dollars",
    "exampleEntities" : [ ]
  }, {
    "sentence" : "transfer money",
    "exampleEntities" : [ ]
  } ]
}