{
  "name" : "executeiBot",
  "type" : "NLPIntent",
  "intentParameters" : [ ],
  "exampleData" : [ {
    "sentence" : "Send my briefing book",
    "exampleEntities" : [ ]
  }, {
    "sentence" : "email these reports",
    "exampleEntities" : [ ]
  }, {
    "sentence" : "Email briefing book to my colleagues",
    "exampleEntities" : [ ]
  }, {
    "sentence" : "Send these reports to my team",
    "exampleEntities" : [ ]
  }, {
    "sentence" : "Email these reports to my team",
    "exampleEntities" : [ ]
  } ]
}