{
  "name" : "Largest Surplus",
  "type" : "NLPIntent",
  "intentParameters" : [ ],
  "exampleData" : [ {
    "sentence" : "which accounts have excess budget surplus?",
    "exampleEntities" : [ ]
  }, {
    "sentence" : "biggest surplus",
    "exampleEntities" : [ ]
  }, {
    "sentence" : "largest surplus",
    "exampleEntities" : [ ]
  }, {
    "sentence" : "Which account has the largest budget surplus?",
    "exampleEntities" : [ ]
  }, {
    "sentence" : "where do we have excess budget surplus?",
    "exampleEntities" : [ ]
  }, {
    "sentence" : "which accounts have unspent money?",
    "exampleEntities" : [ ]
  }, {
    "sentence" : "budget surplus",
    "exampleEntities" : [ ]
  }, {
    "sentence" : "which account has unspent budget?",
    "exampleEntities" : [ ]
  } ]
}