{
  "name" : "Logon",
  "type" : "NLPIntent",
  "intentParameters" : [ ],
  "exampleData" : [ {
    "sentence" : "Create a new session",
    "exampleEntities" : [ ]
  }, {
    "sentence" : "sign me on to my environment",
    "exampleEntities" : [ ]
  }, {
    "sentence" : "Log me on",
    "exampleEntities" : [ ]
  }, {
    "sentence" : "Log on",
    "exampleEntities" : [ ]
  }, {
    "sentence" : "Log me on to my environment",
    "exampleEntities" : [ ]
  }, {
    "sentence" : "Log me in to my environment",
    "exampleEntities" : [ ]
  }, {
    "sentence" : "Sign me on",
    "exampleEntities" : [ ]
  }, {
    "sentence" : "Log me in",
    "exampleEntities" : [ ]
  } ]
}