{
  "name" : "Logoff",
  "type" : "NLPIntent",
  "intentParameters" : [ ],
  "exampleData" : [ {
    "sentence" : "Log me off of OTBI",
    "exampleEntities" : [ ]
  }, {
    "sentence" : "Sign me off",
    "exampleEntities" : [ ]
  }, {
    "sentence" : "Log me off",
    "exampleEntities" : [ ]
  }, {
    "sentence" : "end my OTBI session",
    "exampleEntities" : [ ]
  }, {
    "sentence" : "end my session",
    "exampleEntities" : [ ]
  }, {
    "sentence" : "sign off my session",
    "exampleEntities" : [ ]
  } ]
}