{
  "name" : "Supplier Balances",
  "type" : "NLPIntent",
  "intentParameters" : [ {
    "name" : "CustomerCustomer names",
    "required" : true,
    "entity" : "Supplier"
  } ],
  "exampleData" : [ {
    "sentence" : "supplier balances",
    "exampleEntities" : [ ]
  }, {
    "sentence" : "How much do I owe by my top suppliers?",
    "exampleEntities" : [ ]
  }, {
    "sentence" : "How much do we owe?",
    "exampleEntities" : [ ]
  }, {
    "sentence" : "What are my unpaid amounts by supplier?",
    "exampleEntities" : [ ]
  }, {
    "sentence" : "what are our outstanding supplier balances?",
    "exampleEntities" : [ ]
  } ]
}